Name,Price
Swisse Ultiboost Liver Detox 200 Tablets,$32.99
Swisse Ultiboost Co Enzyme Q10 150mg 180 Capsules,$45.99
Swisse Ultiboost Calcium + Vitamin D 150 Tablets,$17.99
Swisse Mens Multivitamin 120 Tablets,$35.99
Swisse Ultiboost Odourless High Strength Wild Fish Oil 1500mg 400 Capsules,$47.99
Swisse Womens Multivitamin 120 Tablets,$35.99
Swisse CoQ10 300mg 90 Capsules,$54.99
Swisse Calcium + Vitamin D 300 Mini Tablets,$19.99
Swisse Womens Multivitamin 50+ 90 Tablets,$42.99
Swisse Ultiboost Iron 30 Tablets,$7.99
Swisse Ultiboost Lecithin 1200mg 300 Capsules,$37.99
Swisse Womens Multivitamin 65+ 60 Tablets,$31.99
Swisse Mens Multivitamin 50+ 90 Tablets,$42.99
Swisse Zinc+ 120 Tablets,$21.99
Swisse Mens Multivitamin 65+ 60 Tablets,$31.99
Swisse Glucosamine Sulfate 1500mg 180 Tablets,$31.99
Swisse Vitamin D 500 Capsules Exclusive Size,$24.99
Swisse Ultiboost Sleep 100 Tablets,$19.99
Swisse Ultiboost Magnesium 300 Tablets Exclusive Size,$39.99
Swisse Ultiboost Liver Detox 120 Tablets,$24.99
Swisse Vitamin C 60 Effervescent Tablets,$24.99
Swisse Ultibiotic Daily Digestive Probiotic 90 Capsules,$49.99
Swisse Ultiboost Prostate 50 Tablets,$22.99
Swisse Cranberry 90 Capsules,$42.99
Swisse Ultiboost Evening Primrose Oil 200 Capsules,$27.99
Swisse Vitamin D 400 Capsules,$26.99
Swisse Ultiboost Lung Health Support 90 Tablets,$29.99
Swisse Vitamin B12 60 Tablets,$12.99
Swisse Propolis 2000mg 300 Capsules,$32.99
Swisse Milk Thistle 35000mg 60 Tablets,$19.99
Swisse Ultiboost Odourless Super Strength Wild Fish Oil 2000mg 200 Capsules,$32.99
Swisse Kids Multi 60 Gummies,$15.99
Swisse Celery 5000mg 50 Capsules,$13.99
Swisse Ultibiotic Womens Flora Probiotic 30 Capsules,$24.99
Swisse Vitamin C 500mg 310 Chewable Tablets,$19.99
Swisse Ultiboost Memory + Focus 50 Tablets,$21.99
Swisse Kids Fish Oil 60 Capsules,$15.99
Swisse Ultiboost Magnesium Calcium + Vitamin D 120 Tablets,$22.99
Swisse Ultiboost Odourless Super Strength Wild Fish Oil 2000mg 300 Capsules Exclusive Size,$46.99
Swisse Ultiboost Liver Detox 60 Tablets,$16.99
Swisse Ultiboost 4 x Strength Wild Fish Oil Concentrate 60 Capsules,$36.99
Swisse Vitamin C 1000mg 150 Tablets,$25.99
Swisse Womens Multivitamin 60 Tablets,$22.99
Swisse High Strength Vitamin C 1000mg 250 Tablets Exclusive Size,$39.99
Swisse Calm And Sleep Gummies 60 Pack,$22.99
Swisse Ultiboost Odourless Wild Fish Oil 1000mg 500 Capsules Exclusive Size,$43.99
Swisse Ultiboost Odourless High Strength Wild Fish Oil 1500mg 200 Capsules,$35.99
Swisse Ultiboost Ashwagandha Calm+ 60 Pack,$24.99
Swisse Ultiboost Co-Enzyme Q10 150mg 50 Capsules,$24.99
Swisse Organic Spirulina 1000mg 200 Tablets,$30.99
Swisse Ultiboost Mega B + 60 Tablets,$26.99
Swisse High Strength Krill Oil 60 Capsules Exclusive Size,$32.99
Swisse Children's Ultivite Multivitamin 120 Chewable Tablets,$17.99
Swisse Adults Probiotic & Prebiotic Gummies 45 Pack,$19.99
Swisse Ultiboost Vitamin K2 60 Capsules,$37.99
Swisse Vitamin C + Manuka Honey 120 Tablets,$19.99
Swisse Kids Probiotic & Prebiotic Gummies 90 Pack,$22.99
Swisse Zinc+ 180 Tablets Exclusive Size,$22.99
Swisse Ultiboost Magnesium 120 Tablets,$26.99
Swisse Mens Multivitamin 60 Tablets,$22.99
Swisse Ultiboost Bilberry 30 Tablets,$19.99
Swisse Ultiboost Joint Repair 90 Tablets,$27.99
Swisse Iron + Probiotic 30 Tablets,$19.99
Swisse Menopause Balance 60 Tablets,$32.99
Swisse Teenage Ultivite Women's Multivitamin 60 Tablets,$20.99
Swisse Ultibiotic Daily IBS Probiotic 30 Capsules,$24.99
Swisse Kids Immune 60 Gummies,$15.99
Swisse Adult Probiotic + Prebiotic Gummies 90 Pack,$32.99
Swisse Beauty Collagen Glow Gummies 45 Pack,$19.99
Swisse Apple Cider Vinegar + Fibre Gummies 90 Pack,$32.99
Swisse Teenage Ultivite Men's Multivitamin 60 Tablets,$20.99
Swisse Ultiboost Joint Pain Relief 90 Tablets,$22.99
Swisse Men's Ultivite Power Multivitamin 40 Tablets,$28.99
Swisse Daily Immune Support 120 Tablets Exclusive Size,$20.99
Swisse Ultiboost Relax & Sleep 60 Tablets,$25.99
Swisse Ultiboost Magnesium + Sleep 60 Tablets,$22.99
Swisse Ultiboost Lecithin 1200mg 150 Caps,$24.99
Swisse Apple Cider Vinegar & Fibre Gummies 45 Pack,$22.99
Swisse Kids Probiotic & Prebiotic Gummies 45 Pack,$15.99
Swisse Beauty Hair Skin Nails Gummies 50 Pack,$19.99
Swisse Chlorophyll+ 1000mg 200 Tablets,$36.99
Swisse Kids Multi 60 Tablets,$15.99
Swisse Organic Vitex 1500mg 60 Tablets,$22.99
Swisse Ultiboost Magnesium 60 Tablets,$17.99
Swisse Ultiboost Magnesium Gummies 60 Pack,$22.99
Swisse Chlorophyll Spearmint 500ml NEW,$12.40
Swisse Zinc+ 60 Tablets,$14.99
Swisse B+ Energy Gummies 50 Pack,$12.00
Swisse Kids Rest & Restore 60 Tablets,$15.99
Swisse Bloat Relief Smart Melt 30 Tablets,$18.99
Swisse Ultiboost Magnesium 200 Tablets,$38.99
Swisse Women's Ultivite High Potency Multivitamin 40 Tablets,$28.99
Swisse Multivitamin Gummies 60 Pack,$22.99
Swisse Ultiboost Mood 50 Tablets,$26.99
Swisse Vitamin D Gummies 60 Pack,$22.99
Swisse Immune Action 60 Tablets,$22.99
Swisse Cranberry 25000mg 30 Capsules,$17.99
Swisse High Strength Curcumin 30 Tablets,$26.99
Swisse Ultinatal Breastfeeding Support 90 Tablets,$22.99
Swisse Ultinatal Pre Conception & Pregnancy 180 Capsules,$48.99
Swisse Kids Immune Health 60 Tablets,$15.99
Swisse Iron Gummies 50 Pack,$22.99
Swisse Daily Immune Support 60 Tablets,$15.99
Swisse Vitamin C + Probiotic Chewable 60 Chewable Tablets,$15.99
Swisse Ultiboost Sugar Curb Smart Melt 30 Tablets,$18.99
Swisse Womens Multivitamin 50+ 60 Tablets,$39.99
Swisse Vegan Womens Ultivite 60 Tablets,$26.99
Swisse Magnesium + Sleep Powder 180g,$31.99
Swisse Vitamin C + Zinc Powder Orange 150g,$25.99
Swisse Vitamin D 250 Capsules,$20.99
Swisse Ultiboost Saffron + Sleep Drops 30ml,$16.40
Swisse Collagen Joint + Muscle Health Powder 162g,$32.99
Swisse Propolis 2000mg 210 Capsules,$29.99
Swisse Vitamin D 60 Capsules,$9.99
Swisse Magnesium Calcium + Vitamin D 200 Tablets,$30.99
Swisse Immune Gummies 60 Pack,$22.99
Swisse Mens Multivitamin 50+ 60 Tablets,$39.99
Swisse High Strength Magnesium Powder Berry 180g,$25.99
Swisse Ultiboost Memory Nootropics 60 Tabs,$32.99
Swisse Ultibiotic Daily Immune Probiotic 30 Capsules,$24.99
Swisse Ultiboost Magnesium 300mg 60 Effervescent Tablets,$21.99
Swisse Vegan Mens Ultivite 60 Tablets,$26.99
Swisse Ultiboost Stress Relief Smart Melt 60 Tablets,$18.99
Swisse Ultiboost Energy Smart Melt 30 Tablets,$18.99
Swisse High Strength Magnesium Powder Orange 180g,$25.99
Swisse Ultiboost Focus Nootropics 60 Tabs,$32.99
Swisse Ultiboost Magnesium + Sleep 120 Tablets,$41.99
Swisse Ultiboost Stress Control Nootropics 60 Tabs,$32.99
Swisse Vitamin B12 120 Tablets,$25.99
Swisse Fast Acting Vitamin D3 200 Tablets,$15.20
Swisse Ultiboost L-Theanine Calm Mind 50 Capsules,$28.99
Swisse Ultibiotic Daily Digest + Prebiotic Fibre Powder 132G,$44.99
